filepath,extracted,checked,size_gb,is_valid_file
/Users/florianoswald/actions-runner/_work/JPE-Ganapati-20241434/JPE-Ganapati-20241434/replication-package/Crosswalks/iso3_o_d.dta,true,true,0.000321867,true
/Users/florianoswald/actions-runner/_work/JPE-Ganapati-20241434/JPE-Ganapati-20241434/replication-package/Data/CEPII/GeoDist/dist_cepii.dta,true,true,0.001909446,true
/Users/florianoswald/actions-runner/_work/JPE-Ganapati-20241434/JPE-Ganapati-20241434/replication-package/Data/CEPII/GeoDist/dist_cepii_bra.dta,true,true,1.1788e-5,true
/Users/florianoswald/actions-runner/_work/JPE-Ganapati-20241434/JPE-Ganapati-20241434/replication-package/Data/CEPII/GeoDist/geo_cepii.dta,true,true,9.773e-5,true
/Users/florianoswald/actions-runner/_work/JPE-Ganapati-20241434/JPE-Ganapati-20241434/replication-package/Data/CEPII/GeoDist/geo_cepii_maincity.dta,true,true,9.3957e-5,true
/Users/florianoswald/actions-runner/_work/JPE-Ganapati-20241434/JPE-Ganapati-20241434/replication-package/Data/CEPII/Gravity/gravdata_cepii.dta,true,true,0.568006341,true
/Users/florianoswald/actions-runner/_work/JPE-Ganapati-20241434/JPE-Ganapati-20241434/replication-package/Data/CEPII/Gravity_dta_V202102/Countries_V202102.dta,true,true,4.6538e-5,true
/Users/florianoswald/actions-runner/_work/JPE-Ganapati-20241434/JPE-Ganapati-20241434/replication-package/Data/CEPII/Gravity_dta_V202102/Gravity_V202102.dta,true,true,1.155851985,true
/Users/florianoswald/actions-runner/_work/JPE-Ganapati-20241434/JPE-Ganapati-20241434/replication-package/Data/China_Exports/Final/Final Data.dta,true,true,0.000249988,true
/Users/florianoswald/actions-runner/_work/JPE-Ganapati-20241434/JPE-Ganapati-20241434/replication-package/Data/China_Exports/Final/exports_2000_2006.dta,true,true,0.000109786,true
/Users/florianoswald/actions-runner/_work/JPE-Ganapati-20241434/JPE-Ganapati-20241434/replication-package/Data/China_Exports/Final/exports_2007_2010.dta,true,true,5.0371e-5,true
/Users/florianoswald/actions-runner/_work/JPE-Ganapati-20241434/JPE-Ganapati-20241434/replication-package/Data/China_Exports/Raw/exports_2000.dta,true,true,9.736e-6,true
/Users/florianoswald/actions-runner/_work/JPE-Ganapati-20241434/JPE-Ganapati-20241434/replication-package/Data/China_Exports/Raw/exports_2001.dta,true,true,9.471e-6,true
/Users/florianoswald/actions-runner/_work/JPE-Ganapati-20241434/JPE-Ganapati-20241434/replication-package/Data/China_Exports/Raw/exports_2002.dta,true,true,9.497e-6,true
/Users/florianoswald/actions-runner/_work/JPE-Ganapati-20241434/JPE-Ganapati-20241434/replication-package/Data/China_Exports/Raw/exports_2003.dta,true,true,9.523e-6,true
/Users/florianoswald/actions-runner/_work/JPE-Ganapati-20241434/JPE-Ganapati-20241434/replication-package/Data/China_Exports/Raw/exports_2004.dta,true,true,9.497e-6,true
/Users/florianoswald/actions-runner/_work/JPE-Ganapati-20241434/JPE-Ganapati-20241434/replication-package/Data/China_Exports/Raw/exports_2005.dta,true,true,9.601e-6,true
/Users/florianoswald/actions-runner/_work/JPE-Ganapati-20241434/JPE-Ganapati-20241434/replication-package/Data/China_Exports/Raw/exports_2006.dta,true,true,9.333e-6,true
/Users/florianoswald/actions-runner/_work/JPE-Ganapati-20241434/JPE-Ganapati-20241434/replication-package/Data/China_Exports/Raw/exports_2007.dta,true,true,8.536e-6,true
/Users/florianoswald/actions-runner/_work/JPE-Ganapati-20241434/JPE-Ganapati-20241434/replication-package/Data/China_Exports/Raw/exports_2008.dta,true,true,8.492e-6,true
/Users/florianoswald/actions-runner/_work/JPE-Ganapati-20241434/JPE-Ganapati-20241434/replication-package/Data/China_Exports/Raw/exports_2009.dta,true,true,8.536e-6,true
/Users/florianoswald/actions-runner/_work/JPE-Ganapati-20241434/JPE-Ganapati-20241434/replication-package/Data/China_Exports/Raw/exports_2010.dta,true,true,2.2854e-5,true
/Users/florianoswald/actions-runner/_work/JPE-Ganapati-20241434/JPE-Ganapati-20241434/replication-package/Data/China_Exports/Raw/exports_2011.dta,true,true,2.2605e-5,true
/Users/florianoswald/actions-runner/_work/JPE-Ganapati-20241434/JPE-Ganapati-20241434/replication-package/Data/China_Exports/Raw/exports_2012.dta,true,true,2.2605e-5,true
/Users/florianoswald/actions-runner/_work/JPE-Ganapati-20241434/JPE-Ganapati-20241434/replication-package/Data/China_Exports/Raw/fpart_concordance.dta,true,true,1.5199e-5,true
/Users/florianoswald/actions-runner/_work/JPE-Ganapati-20241434/JPE-Ganapati-20241434/replication-package/Data/EDD_Data/CYD_manuf/CYD_manuf.dta,true,true,0.046185948,true
/Users/florianoswald/actions-runner/_work/JPE-Ganapati-20241434/JPE-Ganapati-20241434/replication-package/Data/EDD_Data/CYH2D_manuf/CYH2D_manuf.dta,true,true,0.79527077,true
/Users/florianoswald/actions-runner/_work/JPE-Ganapati-20241434/JPE-Ganapati-20241434/replication-package/Data/EDD_Data/CYH2D_manuf/CYH2D_manuf_1000usd.dta,true,true,0.791314082,true
/Users/florianoswald/actions-runner/_work/JPE-Ganapati-20241434/JPE-Ganapati-20241434/replication-package/Data/EDD_Data/CY_manuf/CY_manuf.dta,true,true,0.0004549,true
/Users/florianoswald/actions-runner/_work/JPE-Ganapati-20241434/JPE-Ganapati-20241434/replication-package/Data/TRAINS/raw_data/ExporterCode.dta,true,true,3.485e-6,true
/Users/florianoswald/actions-runner/_work/JPE-Ganapati-20241434/JPE-Ganapati-20241434/replication-package/Data/TRAINS/raw_data/ImporterCode.dta,true,true,3.485e-6,true
/Users/florianoswald/actions-runner/_work/JPE-Ganapati-20241434/JPE-Ganapati-20241434/replication-package/Data/WIOD/wiot_stata_Nov16/WIOT2000_October16_ROW.dta,true,true,0.055216235,true
/Users/florianoswald/actions-runner/_work/JPE-Ganapati-20241434/JPE-Ganapati-20241434/replication-package/Data/WIOD/wiot_stata_Nov16/WIOT2001_October16_ROW.dta,true,true,0.055216235,true
/Users/florianoswald/actions-runner/_work/JPE-Ganapati-20241434/JPE-Ganapati-20241434/replication-package/Data/WIOD/wiot_stata_Nov16/WIOT2002_October16_ROW.dta,true,true,0.055216235,true
/Users/florianoswald/actions-runner/_work/JPE-Ganapati-20241434/JPE-Ganapati-20241434/replication-package/Data/WIOD/wiot_stata_Nov16/WIOT2003_October16_ROW.dta,true,true,0.055216235,true
/Users/florianoswald/actions-runner/_work/JPE-Ganapati-20241434/JPE-Ganapati-20241434/replication-package/Data/WIOD/wiot_stata_Nov16/WIOT2004_October16_ROW.dta,true,true,0.055216235,true
/Users/florianoswald/actions-runner/_work/JPE-Ganapati-20241434/JPE-Ganapati-20241434/replication-package/Data/WIOD/wiot_stata_Nov16/WIOT2005_October16_ROW.dta,true,true,0.055216235,true
/Users/florianoswald/actions-runner/_work/JPE-Ganapati-20241434/JPE-Ganapati-20241434/replication-package/Data/WIOD/wiot_stata_Nov16/WIOT2006_October16_ROW.dta,true,true,0.055216235,true
/Users/florianoswald/actions-runner/_work/JPE-Ganapati-20241434/JPE-Ganapati-20241434/replication-package/Data/WIOD/wiot_stata_Nov16/WIOT2007_October16_ROW.dta,true,true,0.055216235,true
/Users/florianoswald/actions-runner/_work/JPE-Ganapati-20241434/JPE-Ganapati-20241434/replication-package/Data/WIOD/wiot_stata_Nov16/WIOT2008_October16_ROW.dta,true,true,0.055216235,true
/Users/florianoswald/actions-runner/_work/JPE-Ganapati-20241434/JPE-Ganapati-20241434/replication-package/Data/WIOD/wiot_stata_Nov16/WIOT2009_October16_ROW.dta,true,true,0.055216235,true
/Users/florianoswald/actions-runner/_work/JPE-Ganapati-20241434/JPE-Ganapati-20241434/replication-package/Data/WIOD/wiot_stata_Nov16/WIOT2010_October16_ROW.dta,true,true,0.055216235,true
/Users/florianoswald/actions-runner/_work/JPE-Ganapati-20241434/JPE-Ganapati-20241434/replication-package/Data/WIOD/wiot_stata_Nov16/WIOT2011_October16_ROW.dta,true,true,0.055216235,true
/Users/florianoswald/actions-runner/_work/JPE-Ganapati-20241434/JPE-Ganapati-20241434/replication-package/Data/WIOD/wiot_stata_Nov16/WIOT2012_October16_ROW.dta,true,true,0.055216235,true
/Users/florianoswald/actions-runner/_work/JPE-Ganapati-20241434/JPE-Ganapati-20241434/replication-package/Data/WIOD/wiot_stata_Nov16/WIOT2013_October16_ROW.dta,true,true,0.055216235,true
/Users/florianoswald/actions-runner/_work/JPE-Ganapati-20241434/JPE-Ganapati-20241434/replication-package/Data/WIOD/wiot_stata_Nov16/WIOT2014_October16_ROW.dta,true,true,0.055216235,true
/Users/florianoswald/actions-runner/_work/JPE-Ganapati-20241434/JPE-Ganapati-20241434/replication-package/Data/WorldBankData/Raw data/COL_EXP_2012.dta,true,true,0.003697179,true
/Users/florianoswald/actions-runner/_work/JPE-Ganapati-20241434/JPE-Ganapati-20241434/replication-package/__MACOSX/Crosswalks/._iso3_o_d.dta,true,true,1.78e-7,true
/Users/florianoswald/actions-runner/_work/JPE-Ganapati-20241434/JPE-Ganapati-20241434/replication-package/__MACOSX/Data/CEPII/GeoDist/._dist_cepii.dta,true,true,3.53e-7,true
/Users/florianoswald/actions-runner/_work/JPE-Ganapati-20241434/JPE-Ganapati-20241434/replication-package/__MACOSX/Data/CEPII/GeoDist/._dist_cepii_bra.dta,true,true,3.53e-7,true
/Users/florianoswald/actions-runner/_work/JPE-Ganapati-20241434/JPE-Ganapati-20241434/replication-package/__MACOSX/Data/CEPII/GeoDist/._geo_cepii.dta,true,true,3.53e-7,true
/Users/florianoswald/actions-runner/_work/JPE-Ganapati-20241434/JPE-Ganapati-20241434/replication-package/__MACOSX/Data/CEPII/GeoDist/._geo_cepii_maincity.dta,true,true,3.52e-7,true
/Users/florianoswald/actions-runner/_work/JPE-Ganapati-20241434/JPE-Ganapati-20241434/replication-package/__MACOSX/Data/CEPII/Gravity/._gravdata_cepii.dta,true,true,3.53e-7,true
/Users/florianoswald/actions-runner/_work/JPE-Ganapati-20241434/JPE-Ganapati-20241434/replication-package/__MACOSX/Data/CEPII/Gravity_dta_V202102/._Countries_V202102.dta,true,true,3.26e-7,true
/Users/florianoswald/actions-runner/_work/JPE-Ganapati-20241434/JPE-Ganapati-20241434/replication-package/__MACOSX/Data/CEPII/Gravity_dta_V202102/._Gravity_V202102.dta,true,true,3.26e-7,true
/Users/florianoswald/actions-runner/_work/JPE-Ganapati-20241434/JPE-Ganapati-20241434/replication-package/__MACOSX/Data/China_Exports/Final/._Final Data.dta,true,true,1.78e-7,true
/Users/florianoswald/actions-runner/_work/JPE-Ganapati-20241434/JPE-Ganapati-20241434/replication-package/__MACOSX/Data/China_Exports/Final/._exports_2000_2006.dta,true,true,1.78e-7,true
/Users/florianoswald/actions-runner/_work/JPE-Ganapati-20241434/JPE-Ganapati-20241434/replication-package/__MACOSX/Data/China_Exports/Final/._exports_2007_2010.dta,true,true,1.78e-7,true
/Users/florianoswald/actions-runner/_work/JPE-Ganapati-20241434/JPE-Ganapati-20241434/replication-package/__MACOSX/Data/China_Exports/Raw/._exports_2000.dta,true,true,2.34e-7,true
/Users/florianoswald/actions-runner/_work/JPE-Ganapati-20241434/JPE-Ganapati-20241434/replication-package/__MACOSX/Data/China_Exports/Raw/._exports_2001.dta,true,true,1.78e-7,true
/Users/florianoswald/actions-runner/_work/JPE-Ganapati-20241434/JPE-Ganapati-20241434/replication-package/__MACOSX/Data/China_Exports/Raw/._exports_2002.dta,true,true,2.34e-7,true
/Users/florianoswald/actions-runner/_work/JPE-Ganapati-20241434/JPE-Ganapati-20241434/replication-package/__MACOSX/Data/China_Exports/Raw/._exports_2003.dta,true,true,1.78e-7,true
/Users/florianoswald/actions-runner/_work/JPE-Ganapati-20241434/JPE-Ganapati-20241434/replication-package/__MACOSX/Data/China_Exports/Raw/._exports_2004.dta,true,true,1.78e-7,true
/Users/florianoswald/actions-runner/_work/JPE-Ganapati-20241434/JPE-Ganapati-20241434/replication-package/__MACOSX/Data/China_Exports/Raw/._exports_2005.dta,true,true,1.78e-7,true
/Users/florianoswald/actions-runner/_work/JPE-Ganapati-20241434/JPE-Ganapati-20241434/replication-package/__MACOSX/Data/China_Exports/Raw/._exports_2006.dta,true,true,1.78e-7,true
/Users/florianoswald/actions-runner/_work/JPE-Ganapati-20241434/JPE-Ganapati-20241434/replication-package/__MACOSX/Data/China_Exports/Raw/._exports_2007.dta,true,true,2.34e-7,true
/Users/florianoswald/actions-runner/_work/JPE-Ganapati-20241434/JPE-Ganapati-20241434/replication-package/__MACOSX/Data/China_Exports/Raw/._exports_2008.dta,true,true,1.78e-7,true
/Users/florianoswald/actions-runner/_work/JPE-Ganapati-20241434/JPE-Ganapati-20241434/replication-package/__MACOSX/Data/China_Exports/Raw/._exports_2009.dta,true,true,1.78e-7,true
/Users/florianoswald/actions-runner/_work/JPE-Ganapati-20241434/JPE-Ganapati-20241434/replication-package/__MACOSX/Data/China_Exports/Raw/._exports_2010.dta,true,true,2.34e-7,true
/Users/florianoswald/actions-runner/_work/JPE-Ganapati-20241434/JPE-Ganapati-20241434/replication-package/__MACOSX/Data/China_Exports/Raw/._exports_2011.dta,true,true,2.34e-7,true
/Users/florianoswald/actions-runner/_work/JPE-Ganapati-20241434/JPE-Ganapati-20241434/replication-package/__MACOSX/Data/China_Exports/Raw/._exports_2012.dta,true,true,2.34e-7,true
/Users/florianoswald/actions-runner/_work/JPE-Ganapati-20241434/JPE-Ganapati-20241434/replication-package/__MACOSX/Data/China_Exports/Raw/._fpart_concordance.dta,true,true,2.34e-7,true
/Users/florianoswald/actions-runner/_work/JPE-Ganapati-20241434/JPE-Ganapati-20241434/replication-package/__MACOSX/Data/EDD_Data/CYD_manuf/._CYD_manuf.dta,true,true,3.53e-7,true
/Users/florianoswald/actions-runner/_work/JPE-Ganapati-20241434/JPE-Ganapati-20241434/replication-package/__MACOSX/Data/EDD_Data/CYH2D_manuf/._CYH2D_manuf.dta,true,true,3.53e-7,true
/Users/florianoswald/actions-runner/_work/JPE-Ganapati-20241434/JPE-Ganapati-20241434/replication-package/__MACOSX/Data/EDD_Data/CYH2D_manuf/._CYH2D_manuf_1000usd.dta,true,true,4.25e-7,true
/Users/florianoswald/actions-runner/_work/JPE-Ganapati-20241434/JPE-Ganapati-20241434/replication-package/__MACOSX/Data/EDD_Data/CY_manuf/._CY_manuf.dta,true,true,2.34e-7,true
/Users/florianoswald/actions-runner/_work/JPE-Ganapati-20241434/JPE-Ganapati-20241434/replication-package/__MACOSX/Data/TRAINS/raw_data/._ExporterCode.dta,true,true,2.71e-7,true
/Users/florianoswald/actions-runner/_work/JPE-Ganapati-20241434/JPE-Ganapati-20241434/replication-package/__MACOSX/Data/TRAINS/raw_data/._ImporterCode.dta,true,true,2.71e-7,true
/Users/florianoswald/actions-runner/_work/JPE-Ganapati-20241434/JPE-Ganapati-20241434/replication-package/__MACOSX/Data/WIOD/wiot_stata_Nov16/._WIOT2000_October16_ROW.dta,true,true,3.9e-7,true
/Users/florianoswald/actions-runner/_work/JPE-Ganapati-20241434/JPE-Ganapati-20241434/replication-package/__MACOSX/Data/WIOD/wiot_stata_Nov16/._WIOT2001_October16_ROW.dta,true,true,3.9e-7,true
/Users/florianoswald/actions-runner/_work/JPE-Ganapati-20241434/JPE-Ganapati-20241434/replication-package/__MACOSX/Data/WIOD/wiot_stata_Nov16/._WIOT2002_October16_ROW.dta,true,true,3.9e-7,true
/Users/florianoswald/actions-runner/_work/JPE-Ganapati-20241434/JPE-Ganapati-20241434/replication-package/__MACOSX/Data/WIOD/wiot_stata_Nov16/._WIOT2003_October16_ROW.dta,true,true,3.9e-7,true
/Users/florianoswald/actions-runner/_work/JPE-Ganapati-20241434/JPE-Ganapati-20241434/replication-package/__MACOSX/Data/WIOD/wiot_stata_Nov16/._WIOT2004_October16_ROW.dta,true,true,4.46e-7,true
/Users/florianoswald/actions-runner/_work/JPE-Ganapati-20241434/JPE-Ganapati-20241434/replication-package/__MACOSX/Data/WIOD/wiot_stata_Nov16/._WIOT2005_October16_ROW.dta,true,true,3.9e-7,true
/Users/florianoswald/actions-runner/_work/JPE-Ganapati-20241434/JPE-Ganapati-20241434/replication-package/__MACOSX/Data/WIOD/wiot_stata_Nov16/._WIOT2006_October16_ROW.dta,true,true,3.9e-7,true
/Users/florianoswald/actions-runner/_work/JPE-Ganapati-20241434/JPE-Ganapati-20241434/replication-package/__MACOSX/Data/WIOD/wiot_stata_Nov16/._WIOT2007_October16_ROW.dta,true,true,3.9e-7,true
/Users/florianoswald/actions-runner/_work/JPE-Ganapati-20241434/JPE-Ganapati-20241434/replication-package/__MACOSX/Data/WIOD/wiot_stata_Nov16/._WIOT2008_October16_ROW.dta,true,true,3.9e-7,true
/Users/florianoswald/actions-runner/_work/JPE-Ganapati-20241434/JPE-Ganapati-20241434/replication-package/__MACOSX/Data/WIOD/wiot_stata_Nov16/._WIOT2009_October16_ROW.dta,true,true,3.9e-7,true
/Users/florianoswald/actions-runner/_work/JPE-Ganapati-20241434/JPE-Ganapati-20241434/replication-package/__MACOSX/Data/WIOD/wiot_stata_Nov16/._WIOT2010_October16_ROW.dta,true,true,3.9e-7,true
/Users/florianoswald/actions-runner/_work/JPE-Ganapati-20241434/JPE-Ganapati-20241434/replication-package/__MACOSX/Data/WIOD/wiot_stata_Nov16/._WIOT2011_October16_ROW.dta,true,true,3.9e-7,true
/Users/florianoswald/actions-runner/_work/JPE-Ganapati-20241434/JPE-Ganapati-20241434/replication-package/__MACOSX/Data/WIOD/wiot_stata_Nov16/._WIOT2012_October16_ROW.dta,true,true,3.9e-7,true
/Users/florianoswald/actions-runner/_work/JPE-Ganapati-20241434/JPE-Ganapati-20241434/replication-package/__MACOSX/Data/WIOD/wiot_stata_Nov16/._WIOT2013_October16_ROW.dta,true,true,3.9e-7,true
/Users/florianoswald/actions-runner/_work/JPE-Ganapati-20241434/JPE-Ganapati-20241434/replication-package/__MACOSX/Data/WIOD/wiot_stata_Nov16/._WIOT2014_October16_ROW.dta,true,true,4.46e-7,true
/Users/florianoswald/actions-runner/_work/JPE-Ganapati-20241434/JPE-Ganapati-20241434/replication-package/__MACOSX/Data/WorldBankData/Raw data/._COL_EXP_2012.dta,true,true,1.78e-7,true
/Users/florianoswald/actions-runner/_work/JPE-Ganapati-20241434/JPE-Ganapati-20241434/replication-package/Data/Australia/Raw/536805500602_201617.xls,true,true,6.5536e-5,true
/Users/florianoswald/actions-runner/_work/JPE-Ganapati-20241434/JPE-Ganapati-20241434/replication-package/Data/Australia/Raw/536805500603_201617.xls,true,true,5.7856e-5,true
/Users/florianoswald/actions-runner/_work/JPE-Ganapati-20241434/JPE-Ganapati-20241434/replication-package/Data/Australia/Raw/536805500604_201617.xls,true,true,6.6048e-5,true
/Users/florianoswald/actions-runner/_work/JPE-Ganapati-20241434/JPE-Ganapati-20241434/replication-package/Data/Australia/Raw/536805500607_201617.xls,true,true,6.2976e-5,true
/Users/florianoswald/actions-runner/_work/JPE-Ganapati-20241434/JPE-Ganapati-20241434/replication-package/Data/Australia/Raw/536805500608_201617.xls,true,true,6.3488e-5,true
/Users/florianoswald/actions-runner/_work/JPE-Ganapati-20241434/JPE-Ganapati-20241434/replication-package/Data/Australia/Raw/536805500609_201617.xls,true,true,0.000110592,true
/Users/florianoswald/actions-runner/_work/JPE-Ganapati-20241434/JPE-Ganapati-20241434/replication-package/Data/Australia/Raw/816501.xls,true,true,0.000252416,true
/Users/florianoswald/actions-runner/_work/JPE-Ganapati-20241434/JPE-Ganapati-20241434/replication-package/Data/Australia/Raw/81650do001_2010201406.xls,true,true,0.000182784,true
/Users/florianoswald/actions-runner/_work/JPE-Ganapati-20241434/JPE-Ganapati-20241434/replication-package/Data/CEPII/GeoDist/geo_cepii.xls,true,true,0.000146432,true
/Users/florianoswald/actions-runner/_work/JPE-Ganapati-20241434/JPE-Ganapati-20241434/replication-package/Data/China_Statistical_Yearbook/Raw/2005_N1405E.xls,true,true,2.816e-5,true
/Users/florianoswald/actions-runner/_work/JPE-Ganapati-20241434/JPE-Ganapati-20241434/replication-package/Data/China_Statistical_Yearbook/Raw/2019_13_3_Sheet.xls,true,true,4.352e-5,true
/Users/florianoswald/actions-runner/_work/JPE-Ganapati-20241434/JPE-Ganapati-20241434/replication-package/Data/TRAINS/raw_data/AllCountries.xls,true,true,4.352e-5,true
/Users/florianoswald/actions-runner/_work/JPE-Ganapati-20241434/JPE-Ganapati-20241434/replication-package/Data/TRAINS/raw_data/AllCountries_manual_fixes.xls,true,true,5.12e-5,true
/Users/florianoswald/actions-runner/_work/JPE-Ganapati-20241434/JPE-Ganapati-20241434/replication-package/Data/WB_Enterprise_Data/Full_Trade.xls,true,true,0.000335234,true
/Users/florianoswald/actions-runner/_work/JPE-Ganapati-20241434/JPE-Ganapati-20241434/replication-package/Data/WB_Enterprise_Data/Trade.xls,true,true,2.5425e-5,true
/Users/florianoswald/actions-runner/_work/JPE-Ganapati-20241434/JPE-Ganapati-20241434/replication-package/__MACOSX/Data/Australia/Raw/._536805500602_201617.xls,true,true,2.97e-7,true
/Users/florianoswald/actions-runner/_work/JPE-Ganapati-20241434/JPE-Ganapati-20241434/replication-package/__MACOSX/Data/Australia/Raw/._536805500603_201617.xls,true,true,4.21e-7,true
/Users/florianoswald/actions-runner/_work/JPE-Ganapati-20241434/JPE-Ganapati-20241434/replication-package/__MACOSX/Data/Australia/Raw/._536805500604_201617.xls,true,true,2.97e-7,true
/Users/florianoswald/actions-runner/_work/JPE-Ganapati-20241434/JPE-Ganapati-20241434/replication-package/__MACOSX/Data/Australia/Raw/._536805500607_201617.xls,true,true,4.21e-7,true
/Users/florianoswald/actions-runner/_work/JPE-Ganapati-20241434/JPE-Ganapati-20241434/replication-package/__MACOSX/Data/Australia/Raw/._536805500608_201617.xls,true,true,2.97e-7,true
/Users/florianoswald/actions-runner/_work/JPE-Ganapati-20241434/JPE-Ganapati-20241434/replication-package/__MACOSX/Data/Australia/Raw/._536805500609_201617.xls,true,true,2.97e-7,true
/Users/florianoswald/actions-runner/_work/JPE-Ganapati-20241434/JPE-Ganapati-20241434/replication-package/__MACOSX/Data/Australia/Raw/._816501.xls,true,true,4.21e-7,true
/Users/florianoswald/actions-runner/_work/JPE-Ganapati-20241434/JPE-Ganapati-20241434/replication-package/__MACOSX/Data/Australia/Raw/._81650do001_2010201406.xls,true,true,2.97e-7,true
/Users/florianoswald/actions-runner/_work/JPE-Ganapati-20241434/JPE-Ganapati-20241434/replication-package/__MACOSX/Data/CEPII/GeoDist/._geo_cepii.xls,true,true,2.97e-7,true
/Users/florianoswald/actions-runner/_work/JPE-Ganapati-20241434/JPE-Ganapati-20241434/replication-package/__MACOSX/Data/China_Statistical_Yearbook/Raw/._2005_N1405E.xls,true,true,1.77e-7,true
/Users/florianoswald/actions-runner/_work/JPE-Ganapati-20241434/JPE-Ganapati-20241434/replication-package/__MACOSX/Data/China_Statistical_Yearbook/Raw/._2019_13_3_Sheet.xls,true,true,1.78e-7,true
/Users/florianoswald/actions-runner/_work/JPE-Ganapati-20241434/JPE-Ganapati-20241434/replication-package/__MACOSX/Data/TRAINS/raw_data/._AllCountries.xls,true,true,2.71e-7,true
/Users/florianoswald/actions-runner/_work/JPE-Ganapati-20241434/JPE-Ganapati-20241434/replication-package/__MACOSX/Data/TRAINS/raw_data/._AllCountries_manual_fixes.xls,true,true,2.71e-7,true
/Users/florianoswald/actions-runner/_work/JPE-Ganapati-20241434/JPE-Ganapati-20241434/replication-package/__MACOSX/Data/WB_Enterprise_Data/._Full_Trade.xls,true,true,2.97e-7,true
/Users/florianoswald/actions-runner/_work/JPE-Ganapati-20241434/JPE-Ganapati-20241434/replication-package/__MACOSX/Data/WB_Enterprise_Data/._Trade.xls,true,true,2.97e-7,true
/Users/florianoswald/actions-runner/_work/JPE-Ganapati-20241434/JPE-Ganapati-20241434/replication-package/Code/LinearCF_v3/CF_results_revision_2.xlsx,true,true,3.9543e-5,true
/Users/florianoswald/actions-runner/_work/JPE-Ganapati-20241434/JPE-Ganapati-20241434/replication-package/Code/LinearCF_v3/CF_results_revision_5.xlsx,true,true,3.1936e-5,true
/Users/florianoswald/actions-runner/_work/JPE-Ganapati-20241434/JPE-Ganapati-20241434/replication-package/Data/China_Statistical_Yearbook/Combined_Industrial_Enterprises_Indicators.xlsx,true,true,1.3307e-5,true
/Users/florianoswald/actions-runner/_work/JPE-Ganapati-20241434/JPE-Ganapati-20241434/replication-package/Data/China_Statistical_Yearbook/Raw/2019-E1303-Digitized.xlsx,true,true,0.000627469,true
/Users/florianoswald/actions-runner/_work/JPE-Ganapati-20241434/JPE-Ganapati-20241434/replication-package/Data/EDD_Data/Dictionary/EDDVariableNames.xlsx,true,true,0.00027025,true
/Users/florianoswald/actions-runner/_work/JPE-Ganapati-20241434/JPE-Ganapati-20241434/replication-package/Data/EDD_Data/Dictionary/MethodologyHSProductCodesConsolidation.xlsx,true,true,0.000260795,true
/Users/florianoswald/actions-runner/_work/JPE-Ganapati-20241434/JPE-Ganapati-20241434/replication-package/Data/EDD_Data/Dictionary/WITSRatios.xlsx,true,true,8.0009e-5,true
/Users/florianoswald/actions-runner/_work/JPE-Ganapati-20241434/JPE-Ganapati-20241434/replication-package/Data/EDD_Data/Dictionary/TechnicalNote/Appendix.xlsx,true,true,4.5616e-5,true
/Users/florianoswald/actions-runner/_work/JPE-Ganapati-20241434/JPE-Ganapati-20241434/replication-package/Data/GSP/gspmfnrates/mfn_gsp_2012.xlsx,true,true,6.2345e-5,true
/Users/florianoswald/actions-runner/_work/JPE-Ganapati-20241434/JPE-Ganapati-20241434/replication-package/Data/TRAINS/raw_data/European_Union.xlsx,true,true,9.075e-6,true
/Users/florianoswald/actions-runner/_work/JPE-Ganapati-20241434/JPE-Ganapati-20241434/replication-package/Data/WIOD/EXR_WIOD_Nov16.xlsx,true,true,1.9308e-5,true
/Users/florianoswald/actions-runner/_work/JPE-Ganapati-20241434/JPE-Ganapati-20241434/replication-package/__MACOSX/Code/LinearCF_v3/._CF_results_revision_2.xlsx,true,true,1.78e-7,true
/Users/florianoswald/actions-runner/_work/JPE-Ganapati-20241434/JPE-Ganapati-20241434/replication-package/__MACOSX/Code/LinearCF_v3/._CF_results_revision_5.xlsx,true,true,1.78e-7,true
/Users/florianoswald/actions-runner/_work/JPE-Ganapati-20241434/JPE-Ganapati-20241434/replication-package/__MACOSX/Data/China_Statistical_Yearbook/._Combined_Industrial_Enterprises_Indicators.xlsx,true,true,3.02e-7,true
/Users/florianoswald/actions-runner/_work/JPE-Ganapati-20241434/JPE-Ganapati-20241434/replication-package/__MACOSX/Data/China_Statistical_Yearbook/Raw/._2019-E1303-Digitized.xlsx,true,true,3.92e-7,true
/Users/florianoswald/actions-runner/_work/JPE-Ganapati-20241434/JPE-Ganapati-20241434/replication-package/__MACOSX/Data/EDD_Data/Dictionary/._EDDVariableNames.xlsx,true,true,4.2e-7,true
/Users/florianoswald/actions-runner/_work/JPE-Ganapati-20241434/JPE-Ganapati-20241434/replication-package/__MACOSX/Data/EDD_Data/Dictionary/._MethodologyHSProductCodesConsolidation.xlsx,true,true,2.97e-7,true
/Users/florianoswald/actions-runner/_work/JPE-Ganapati-20241434/JPE-Ganapati-20241434/replication-package/__MACOSX/Data/EDD_Data/Dictionary/._WITSRatios.xlsx,true,true,2.97e-7,true
/Users/florianoswald/actions-runner/_work/JPE-Ganapati-20241434/JPE-Ganapati-20241434/replication-package/__MACOSX/Data/EDD_Data/Dictionary/TechnicalNote/._Appendix.xlsx,true,true,1.78e-7,true
/Users/florianoswald/actions-runner/_work/JPE-Ganapati-20241434/JPE-Ganapati-20241434/replication-package/__MACOSX/Data/GSP/gspmfnrates/._mfn_gsp_2012.xlsx,true,true,3.27e-7,true
/Users/florianoswald/actions-runner/_work/JPE-Ganapati-20241434/JPE-Ganapati-20241434/replication-package/__MACOSX/Data/TRAINS/raw_data/._European_Union.xlsx,true,true,2.71e-7,true
/Users/florianoswald/actions-runner/_work/JPE-Ganapati-20241434/JPE-Ganapati-20241434/replication-package/__MACOSX/Data/WIOD/._EXR_WIOD_Nov16.xlsx,true,true,5.11e-7,true
/Users/florianoswald/actions-runner/_work/JPE-Ganapati-20241434/JPE-Ganapati-20241434/replication-package/Code/GMM_estimation_v3/baseline_estimate.mat,true,true,0.00490553,true
/Users/florianoswald/actions-runner/_work/JPE-Ganapati-20241434/JPE-Ganapati-20241434/replication-package/Code/GMM_estimation_v3/gamma_gravity.mat,true,true,2.72e-7,true
/Users/florianoswald/actions-runner/_work/JPE-Ganapati-20241434/JPE-Ganapati-20241434/replication-package/Code/GMM_estimation_v3/literature.mat,true,true,7.7462e-5,true
/Users/florianoswald/actions-runner/_work/JPE-Ganapati-20241434/JPE-Ganapati-20241434/replication-package/Code/LinearCF_v3/test.mat,true,true,0.000262243,true
/Users/florianoswald/actions-runner/_work/JPE-Ganapati-20241434/JPE-Ganapati-20241434/replication-package/Code/MonteCarlo/output/data/Run_sumLogNormal_alt.mat,true,true,1.126e-6,true
/Users/florianoswald/actions-runner/_work/JPE-Ganapati-20241434/JPE-Ganapati-20241434/replication-package/Code/MonteCarlo/output/data/Simulated_data_LogNormal_alt.mat,true,true,0.032507857,true
/Users/florianoswald/actions-runner/_work/JPE-Ganapati-20241434/JPE-Ganapati-20241434/replication-package/__MACOSX/Code/GMM_estimation_v3/._baseline_estimate.mat,true,true,2.21e-7,true
/Users/florianoswald/actions-runner/_work/JPE-Ganapati-20241434/JPE-Ganapati-20241434/replication-package/__MACOSX/Code/GMM_estimation_v3/._gamma_gravity.mat,true,true,2.21e-7,true
/Users/florianoswald/actions-runner/_work/JPE-Ganapati-20241434/JPE-Ganapati-20241434/replication-package/__MACOSX/Code/GMM_estimation_v3/._literature.mat,true,true,2.21e-7,true
/Users/florianoswald/actions-runner/_work/JPE-Ganapati-20241434/JPE-Ganapati-20241434/replication-package/__MACOSX/Code/LinearCF_v3/._test.mat,true,true,1.78e-7,true
/Users/florianoswald/actions-runner/_work/JPE-Ganapati-20241434/JPE-Ganapati-20241434/replication-package/__MACOSX/Code/MonteCarlo/output/data/._Run_sumLogNormal_alt.mat,true,true,1.78e-7,true
/Users/florianoswald/actions-runner/_work/JPE-Ganapati-20241434/JPE-Ganapati-20241434/replication-package/__MACOSX/Code/MonteCarlo/output/data/._Simulated_data_LogNormal_alt.mat,true,true,1.78e-7,true
/Users/florianoswald/actions-runner/_work/JPE-Ganapati-20241434/JPE-Ganapati-20241434/replication-package/Data/Australia/AUS_cleaned.csv,true,true,1.7037e-5,true
/Users/florianoswald/actions-runner/_work/JPE-Ganapati-20241434/JPE-Ganapati-20241434/replication-package/Data/CEPII/BACI_HS92_V202201/BACI_HS92_Y2000_V202201.csv,true,true,0.346448397,true
/Users/florianoswald/actions-runner/_work/JPE-Ganapati-20241434/JPE-Ganapati-20241434/replication-package/Data/CEPII/BACI_HS92_V202201/BACI_HS92_Y2001_V202201.csv,true,true,0.358301181,true
/Users/florianoswald/actions-runner/_work/JPE-Ganapati-20241434/JPE-Ganapati-20241434/replication-package/Data/CEPII/BACI_HS92_V202201/BACI_HS92_Y2002_V202201.csv,true,true,0.368125237,true
/Users/florianoswald/actions-runner/_work/JPE-Ganapati-20241434/JPE-Ganapati-20241434/replication-package/Data/CEPII/BACI_HS92_V202201/BACI_HS92_Y2003_V202201.csv,true,true,0.380334208,true
/Users/florianoswald/actions-runner/_work/JPE-Ganapati-20241434/JPE-Ganapati-20241434/replication-package/Data/CEPII/BACI_HS92_V202201/BACI_HS92_Y2004_V202201.csv,true,true,0.397991458,true
/Users/florianoswald/actions-runner/_work/JPE-Ganapati-20241434/JPE-Ganapati-20241434/replication-package/Data/CEPII/BACI_HS92_V202201/BACI_HS92_Y2005_V202201.csv,true,true,0.412184592,true
/Users/florianoswald/actions-runner/_work/JPE-Ganapati-20241434/JPE-Ganapati-20241434/replication-package/Data/CEPII/BACI_HS92_V202201/BACI_HS92_Y2006_V202201.csv,true,true,0.428193171,true
/Users/florianoswald/actions-runner/_work/JPE-Ganapati-20241434/JPE-Ganapati-20241434/replication-package/Data/CEPII/BACI_HS92_V202201/BACI_HS92_Y2007_V202201.csv,true,true,0.43889934,true
/Users/florianoswald/actions-runner/_work/JPE-Ganapati-20241434/JPE-Ganapati-20241434/replication-package/Data/CEPII/BACI_HS92_V202201/BACI_HS92_Y2008_V202201.csv,true,true,0.444540351,true
/Users/florianoswald/actions-runner/_work/JPE-Ganapati-20241434/JPE-Ganapati-20241434/replication-package/Data/CEPII/BACI_HS92_V202201/BACI_HS92_Y2009_V202201.csv,true,true,0.438927803,true
/Users/florianoswald/actions-runner/_work/JPE-Ganapati-20241434/JPE-Ganapati-20241434/replication-package/Data/CEPII/BACI_HS92_V202201/BACI_HS92_Y2010_V202201.csv,true,true,0.4516843,true
/Users/florianoswald/actions-runner/_work/JPE-Ganapati-20241434/JPE-Ganapati-20241434/replication-package/Data/CEPII/BACI_HS92_V202201/BACI_HS92_Y2011_V202201.csv,true,true,0.459857992,true
/Users/florianoswald/actions-runner/_work/JPE-Ganapati-20241434/JPE-Ganapati-20241434/replication-package/Data/CEPII/BACI_HS92_V202201/BACI_HS92_Y2012_V202201.csv,true,true,0.472740304,true
/Users/florianoswald/actions-runner/_work/JPE-Ganapati-20241434/JPE-Ganapati-20241434/replication-package/Data/CEPII/BACI_HS92_V202201/BACI_HS92_Y2013_V202201.csv,true,true,0.48178407,true
/Users/florianoswald/actions-runner/_work/JPE-Ganapati-20241434/JPE-Ganapati-20241434/replication-package/Data/CEPII/BACI_HS92_V202201/BACI_HS92_Y2014_V202201.csv,true,true,0.483653765,true
/Users/florianoswald/actions-runner/_work/JPE-Ganapati-20241434/JPE-Ganapati-20241434/replication-package/Data/CEPII/BACI_HS92_V202201/country_codes_V202201.csv,true,true,1.0425e-5,true
/Users/florianoswald/actions-runner/_work/JPE-Ganapati-20241434/JPE-Ganapati-20241434/replication-package/Data/CEPII/BACI_HS92_V202201/product_codes_HS92_V202201.csv,true,true,0.000543275,true
/Users/florianoswald/actions-runner/_work/JPE-Ganapati-20241434/JPE-Ganapati-20241434/replication-package/Data/EORA/Raw_data/2012_CF_sample.csv,true,true,7.707e-6,true
/Users/florianoswald/actions-runner/_work/JPE-Ganapati-20241434/JPE-Ganapati-20241434/replication-package/Data/OECD/TEC3_REV4-en.csv,true,true,0.010803196,true
/Users/florianoswald/actions-runner/_work/JPE-Ganapati-20241434/JPE-Ganapati-20241434/replication-package/Data/OECD/TES3_04052018220827756.csv,true,true,0.009762563,true
/Users/florianoswald/actions-runner/_work/JPE-Ganapati-20241434/JPE-Ganapati-20241434/replication-package/Data/OECD/SDBS Business Demography Indicators/SDBS_BDI_ISIC4_11042019204932050.csv,true,true,0.032080262,true
/Users/florianoswald/actions-runner/_work/JPE-Ganapati-20241434/JPE-Ganapati-20241434/replication-package/Data/OECD/SDBS Business Demography Indicators/SSIS_BSC_ISIC4_11042019175351230.csv,true,true,0.009549294,true
/Users/florianoswald/actions-runner/_work/JPE-Ganapati-20241434/JPE-Ganapati-20241434/replication-package/Data/US_Census/2012_US_Mfg/ECN_2012_US_31SG1_metadata.csv,true,true,3.89e-6,true
/Users/florianoswald/actions-runner/_work/JPE-Ganapati-20241434/JPE-Ganapati-20241434/replication-package/Data/US_Census/2012_US_Mfg/ECN_2012_US_31SG1_with_ann.csv,true,true,0.000186483,true
/Users/florianoswald/actions-runner/_work/JPE-Ganapati-20241434/JPE-Ganapati-20241434/replication-package/Data/WB_Enterprise_Data/Full_Trade.csv,true,true,2.3328e-5,true
/Users/florianoswald/actions-runner/_work/JPE-Ganapati-20241434/JPE-Ganapati-20241434/replication-package/__MACOSX/Data/Australia/._AUS_cleaned.csv,true,true,2.97e-7,true
/Users/florianoswald/actions-runner/_work/JPE-Ganapati-20241434/JPE-Ganapati-20241434/replication-package/__MACOSX/Data/CEPII/BACI_HS92_V202201/._BACI_HS92_Y2000_V202201.csv,true,true,2.71e-7,true
/Users/florianoswald/actions-runner/_work/JPE-Ganapati-20241434/JPE-Ganapati-20241434/replication-package/__MACOSX/Data/CEPII/BACI_HS92_V202201/._BACI_HS92_Y2001_V202201.csv,true,true,2.7e-7,true
/Users/florianoswald/actions-runner/_work/JPE-Ganapati-20241434/JPE-Ganapati-20241434/replication-package/__MACOSX/Data/CEPII/BACI_HS92_V202201/._BACI_HS92_Y2002_V202201.csv,true,true,2.7e-7,true
/Users/florianoswald/actions-runner/_work/JPE-Ganapati-20241434/JPE-Ganapati-20241434/replication-package/__MACOSX/Data/CEPII/BACI_HS92_V202201/._BACI_HS92_Y2003_V202201.csv,true,true,2.71e-7,true
/Users/florianoswald/actions-runner/_work/JPE-Ganapati-20241434/JPE-Ganapati-20241434/replication-package/__MACOSX/Data/CEPII/BACI_HS92_V202201/._BACI_HS92_Y2004_V202201.csv,true,true,2.71e-7,true
/Users/florianoswald/actions-runner/_work/JPE-Ganapati-20241434/JPE-Ganapati-20241434/replication-package/__MACOSX/Data/CEPII/BACI_HS92_V202201/._BACI_HS92_Y2005_V202201.csv,true,true,2.71e-7,true
/Users/florianoswald/actions-runner/_work/JPE-Ganapati-20241434/JPE-Ganapati-20241434/replication-package/__MACOSX/Data/CEPII/BACI_HS92_V202201/._BACI_HS92_Y2006_V202201.csv,true,true,2.71e-7,true
/Users/florianoswald/actions-runner/_work/JPE-Ganapati-20241434/JPE-Ganapati-20241434/replication-package/__MACOSX/Data/CEPII/BACI_HS92_V202201/._BACI_HS92_Y2007_V202201.csv,true,true,2.7e-7,true
/Users/florianoswald/actions-runner/_work/JPE-Ganapati-20241434/JPE-Ganapati-20241434/replication-package/__MACOSX/Data/CEPII/BACI_HS92_V202201/._BACI_HS92_Y2008_V202201.csv,true,true,2.71e-7,true
/Users/florianoswald/actions-runner/_work/JPE-Ganapati-20241434/JPE-Ganapati-20241434/replication-package/__MACOSX/Data/CEPII/BACI_HS92_V202201/._BACI_HS92_Y2009_V202201.csv,true,true,2.71e-7,true
/Users/florianoswald/actions-runner/_work/JPE-Ganapati-20241434/JPE-Ganapati-20241434/replication-package/__MACOSX/Data/CEPII/BACI_HS92_V202201/._BACI_HS92_Y2010_V202201.csv,true,true,2.71e-7,true
/Users/florianoswald/actions-runner/_work/JPE-Ganapati-20241434/JPE-Ganapati-20241434/replication-package/__MACOSX/Data/CEPII/BACI_HS92_V202201/._BACI_HS92_Y2011_V202201.csv,true,true,2.7e-7,true
/Users/florianoswald/actions-runner/_work/JPE-Ganapati-20241434/JPE-Ganapati-20241434/replication-package/__MACOSX/Data/CEPII/BACI_HS92_V202201/._BACI_HS92_Y2012_V202201.csv,true,true,2.71e-7,true
/Users/florianoswald/actions-runner/_work/JPE-Ganapati-20241434/JPE-Ganapati-20241434/replication-package/__MACOSX/Data/CEPII/BACI_HS92_V202201/._BACI_HS92_Y2013_V202201.csv,true,true,2.71e-7,true
/Users/florianoswald/actions-runner/_work/JPE-Ganapati-20241434/JPE-Ganapati-20241434/replication-package/__MACOSX/Data/CEPII/BACI_HS92_V202201/._BACI_HS92_Y2014_V202201.csv,true,true,2.71e-7,true
/Users/florianoswald/actions-runner/_work/JPE-Ganapati-20241434/JPE-Ganapati-20241434/replication-package/__MACOSX/Data/CEPII/BACI_HS92_V202201/._country_codes_V202201.csv,true,true,2.71e-7,true
/Users/florianoswald/actions-runner/_work/JPE-Ganapati-20241434/JPE-Ganapati-20241434/replication-package/__MACOSX/Data/CEPII/BACI_HS92_V202201/._product_codes_HS92_V202201.csv,true,true,2.71e-7,true
/Users/florianoswald/actions-runner/_work/JPE-Ganapati-20241434/JPE-Ganapati-20241434/replication-package/__MACOSX/Data/EORA/Raw_data/._2012_CF_sample.csv,true,true,3.02e-7,true
/Users/florianoswald/actions-runner/_work/JPE-Ganapati-20241434/JPE-Ganapati-20241434/replication-package/__MACOSX/Data/OECD/._TEC3_REV4-en.csv,true,true,4.21e-7,true
/Users/florianoswald/actions-runner/_work/JPE-Ganapati-20241434/JPE-Ganapati-20241434/replication-package/__MACOSX/Data/OECD/._TES3_04052018220827756.csv,true,true,4.21e-7,true
/Users/florianoswald/actions-runner/_work/JPE-Ganapati-20241434/JPE-Ganapati-20241434/replication-package/__MACOSX/Data/OECD/SDBS Business Demography Indicators/._SDBS_BDI_ISIC4_11042019204932050.csv,true,true,4.21e-7,true
/Users/florianoswald/actions-runner/_work/JPE-Ganapati-20241434/JPE-Ganapati-20241434/replication-package/__MACOSX/Data/OECD/SDBS Business Demography Indicators/._SSIS_BSC_ISIC4_11042019175351230.csv,true,true,4.21e-7,true
/Users/florianoswald/actions-runner/_work/JPE-Ganapati-20241434/JPE-Ganapati-20241434/replication-package/__MACOSX/Data/US_Census/2012_US_Mfg/._ECN_2012_US_31SG1_metadata.csv,true,true,2.97e-7,true
/Users/florianoswald/actions-runner/_work/JPE-Ganapati-20241434/JPE-Ganapati-20241434/replication-package/__MACOSX/Data/US_Census/2012_US_Mfg/._ECN_2012_US_31SG1_with_ann.csv,true,true,2.97e-7,true
/Users/florianoswald/actions-runner/_work/JPE-Ganapati-20241434/JPE-Ganapati-20241434/replication-package/__MACOSX/Data/WB_Enterprise_Data/._Full_Trade.csv,true,true,2.97e-7,true
/Users/florianoswald/actions-runner/_work/JPE-Ganapati-20241434/JPE-Ganapati-20241434/replication-package/Code/MonteCarlo/readme.txt,true,true,9.531e-6,true
/Users/florianoswald/actions-runner/_work/JPE-Ganapati-20241434/JPE-Ganapati-20241434/replication-package/Data/CEPII/BACI_HS92_V202201/Readme.txt,true,true,5.39e-7,true
/Users/florianoswald/actions-runner/_work/JPE-Ganapati-20241434/JPE-Ganapati-20241434/replication-package/Data/EORA/Raw_data/Eora26_2012_bp/Eora26_2012_bp_FD.txt,true,true,0.067237872,true
/Users/florianoswald/actions-runner/_work/JPE-Ganapati-20241434/JPE-Ganapati-20241434/replication-package/Data/EORA/Raw_data/Eora26_2012_bp/Eora26_2012_bp_Q.txt,true,true,0.160903015,true
/Users/florianoswald/actions-runner/_work/JPE-Ganapati-20241434/JPE-Ganapati-20241434/replication-package/Data/EORA/Raw_data/Eora26_2012_bp/Eora26_2012_bp_QY.txt,true,true,0.03731904,true
/Users/florianoswald/actions-runner/_work/JPE-Ganapati-20241434/JPE-Ganapati-20241434/replication-package/Data/EORA/Raw_data/Eora26_2012_bp/Eora26_2012_bp_T.txt,true,true,0.2898867,true
/Users/florianoswald/actions-runner/_work/JPE-Ganapati-20241434/JPE-Ganapati-20241434/replication-package/Data/EORA/Raw_data/Eora26_2012_bp/Eora26_2012_bp_VA.txt,true,true,0.000358794,true
/Users/florianoswald/actions-runner/_work/JPE-Ganapati-20241434/JPE-Ganapati-20241434/replication-package/Data/EORA/Raw_data/Eora26_2012_bp/index_readme.txt,true,true,5.04e-7,true
/Users/florianoswald/actions-runner/_work/JPE-Ganapati-20241434/JPE-Ganapati-20241434/replication-package/Data/EORA/Raw_data/Eora26_2012_bp/labels_FD.txt,true,true,6.764e-5,true
/Users/florianoswald/actions-runner/_work/JPE-Ganapati-20241434/JPE-Ganapati-20241434/replication-package/Data/EORA/Raw_data/Eora26_2012_bp/labels_Q.txt,true,true,0.000151329,true
/Users/florianoswald/actions-runner/_work/JPE-Ganapati-20241434/JPE-Ganapati-20241434/replication-package/Data/EORA/Raw_data/Eora26_2012_bp/labels_T.txt,true,true,0.000203539,true
/Users/florianoswald/actions-runner/_work/JPE-Ganapati-20241434/JPE-Ganapati-20241434/replication-package/Data/EORA/Raw_data/Eora26_2012_bp/labels_VA.txt,true,true,2.56e-7,true
/Users/florianoswald/actions-runner/_work/JPE-Ganapati-20241434/JPE-Ganapati-20241434/replication-package/Data/EORA/Raw_data/Eora26_2012_bp/import/miranda/Eoras/Phase199/Loop082/simplified/Eora26_2012_bp_FD.txt,true,true,0.067237872,true
/Users/florianoswald/actions-runner/_work/JPE-Ganapati-20241434/JPE-Ganapati-20241434/replication-package/Data/EORA/Raw_data/Eora26_2012_bp/import/miranda/Eoras/Phase199/Loop082/simplified/Eora26_2012_bp_T.txt,true,true,0.2898867,true
/Users/florianoswald/actions-runner/_work/JPE-Ganapati-20241434/JPE-Ganapati-20241434/replication-package/Data/EORA/Raw_data/Eora26_2012_bp/import/miranda/Eoras/Phase199/Loop082/simplified/Eora26_2012_bp_VA.txt,true,true,0.000358794,true
/Users/florianoswald/actions-runner/_work/JPE-Ganapati-20241434/JPE-Ganapati-20241434/replication-package/Data/GSP/gspmfnrates/readme.txt,true,true,2.492e-6,true
/Users/florianoswald/actions-runner/_work/JPE-Ganapati-20241434/JPE-Ganapati-20241434/replication-package/Data/US_Census/2012_US_Mfg/ECN_2012_US_31SG1.txt,true,true,6.146e-6,true
/Users/florianoswald/actions-runner/_work/JPE-Ganapati-20241434/JPE-Ganapati-20241434/replication-package/Data/US_Census/2012_US_Mfg/aff_download_readme_ann.txt,true,true,1.062e-6,true
/Users/florianoswald/actions-runner/_work/JPE-Ganapati-20241434/JPE-Ganapati-20241434/replication-package/__MACOSX/Code/MonteCarlo/._readme.txt,true,true,1.78e-7,true
/Users/florianoswald/actions-runner/_work/JPE-Ganapati-20241434/JPE-Ganapati-20241434/replication-package/__MACOSX/Data/CEPII/BACI_HS92_V202201/._Readme.txt,true,true,2.71e-7,true
/Users/florianoswald/actions-runner/_work/JPE-Ganapati-20241434/JPE-Ganapati-20241434/replication-package/__MACOSX/Data/EORA/Raw_data/Eora26_2012_bp/._Eora26_2012_bp_FD.txt,true,true,1.78e-7,true
/Users/florianoswald/actions-runner/_work/JPE-Ganapati-20241434/JPE-Ganapati-20241434/replication-package/__MACOSX/Data/EORA/Raw_data/Eora26_2012_bp/._Eora26_2012_bp_Q.txt,true,true,1.78e-7,true
/Users/florianoswald/actions-runner/_work/JPE-Ganapati-20241434/JPE-Ganapati-20241434/replication-package/__MACOSX/Data/EORA/Raw_data/Eora26_2012_bp/._Eora26_2012_bp_QY.txt,true,true,1.78e-7,true
/Users/florianoswald/actions-runner/_work/JPE-Ganapati-20241434/JPE-Ganapati-20241434/replication-package/__MACOSX/Data/EORA/Raw_data/Eora26_2012_bp/._Eora26_2012_bp_T.txt,true,true,2.33e-7,true
/Users/florianoswald/actions-runner/_work/JPE-Ganapati-20241434/JPE-Ganapati-20241434/replication-package/__MACOSX/Data/EORA/Raw_data/Eora26_2012_bp/._Eora26_2012_bp_VA.txt,true,true,2.34e-7,true
/Users/florianoswald/actions-runner/_work/JPE-Ganapati-20241434/JPE-Ganapati-20241434/replication-package/__MACOSX/Data/EORA/Raw_data/Eora26_2012_bp/._index_readme.txt,true,true,2.34e-7,true
/Users/florianoswald/actions-runner/_work/JPE-Ganapati-20241434/JPE-Ganapati-20241434/replication-package/__MACOSX/Data/EORA/Raw_data/Eora26_2012_bp/._labels_FD.txt,true,true,1.77e-7,true
/Users/florianoswald/actions-runner/_work/JPE-Ganapati-20241434/JPE-Ganapati-20241434/replication-package/__MACOSX/Data/EORA/Raw_data/Eora26_2012_bp/._labels_Q.txt,true,true,1.78e-7,true
/Users/florianoswald/actions-runner/_work/JPE-Ganapati-20241434/JPE-Ganapati-20241434/replication-package/__MACOSX/Data/EORA/Raw_data/Eora26_2012_bp/._labels_T.txt,true,true,1.78e-7,true
/Users/florianoswald/actions-runner/_work/JPE-Ganapati-20241434/JPE-Ganapati-20241434/replication-package/__MACOSX/Data/EORA/Raw_data/Eora26_2012_bp/._labels_VA.txt,true,true,1.78e-7,true
/Users/florianoswald/actions-runner/_work/JPE-Ganapati-20241434/JPE-Ganapati-20241434/replication-package/__MACOSX/Data/EORA/Raw_data/Eora26_2012_bp/import/miranda/Eoras/Phase199/Loop082/simplified/._Eora26_2012_bp_FD.txt,true,true,1.78e-7,true
/Users/florianoswald/actions-runner/_work/JPE-Ganapati-20241434/JPE-Ganapati-20241434/replication-package/__MACOSX/Data/EORA/Raw_data/Eora26_2012_bp/import/miranda/Eoras/Phase199/Loop082/simplified/._Eora26_2012_bp_T.txt,true,true,1.78e-7,true
/Users/florianoswald/actions-runner/_work/JPE-Ganapati-20241434/JPE-Ganapati-20241434/replication-package/__MACOSX/Data/EORA/Raw_data/Eora26_2012_bp/import/miranda/Eoras/Phase199/Loop082/simplified/._Eora26_2012_bp_VA.txt,true,true,1.78e-7,true
/Users/florianoswald/actions-runner/_work/JPE-Ganapati-20241434/JPE-Ganapati-20241434/replication-package/__MACOSX/Data/GSP/gspmfnrates/._readme.txt,true,true,2.71e-7,true
/Users/florianoswald/actions-runner/_work/JPE-Ganapati-20241434/JPE-Ganapati-20241434/replication-package/__MACOSX/Data/US_Census/2012_US_Mfg/._ECN_2012_US_31SG1.txt,true,true,2.97e-7,true
/Users/florianoswald/actions-runner/_work/JPE-Ganapati-20241434/JPE-Ganapati-20241434/replication-package/__MACOSX/Data/US_Census/2012_US_Mfg/._aff_download_readme_ann.txt,true,true,2.97e-7,true
/Users/florianoswald/actions-runner/_work/JPE-Ganapati-20241434/JPE-Ganapati-20241434/replication-package/Data/CEPII/GeoDist/dist_cepii.zip,true,true,0.002102114,true
/Users/florianoswald/actions-runner/_work/JPE-Ganapati-20241434/JPE-Ganapati-20241434/replication-package/Data/EDD_Data/CYD_manuf/CYD_manuf_CSV.zip,true,true,0.017915448,true
/Users/florianoswald/actions-runner/_work/JPE-Ganapati-20241434/JPE-Ganapati-20241434/replication-package/Data/EDD_Data/CY_manuf/CY_manuf_CSV.zip,true,true,0.000306869,true
/Users/florianoswald/actions-runner/_work/JPE-Ganapati-20241434/JPE-Ganapati-20241434/replication-package/Data/EDD_Data/Dictionary/TechnicalNote.zip,true,true,0.000511844,true
/Users/florianoswald/actions-runner/_work/JPE-Ganapati-20241434/JPE-Ganapati-20241434/replication-package/Data/EORA/Raw_data/Eora26_2012_bp.zip,true,true,0.239758298,true
/Users/florianoswald/actions-runner/_work/JPE-Ganapati-20241434/JPE-Ganapati-20241434/replication-package/Data/OECD/TEC3_REV4-en.csv.zip,true,true,0.002128524,true
/Users/florianoswald/actions-runner/_work/JPE-Ganapati-20241434/JPE-Ganapati-20241434/replication-package/Data/TRAINS/raw_data/TRAINS1995.zip,true,true,0.145696558,true
/Users/florianoswald/actions-runner/_work/JPE-Ganapati-20241434/JPE-Ganapati-20241434/replication-package/Data/TRAINS/raw_data/TRAINS1996.zip,true,true,0.206069399,true
/Users/florianoswald/actions-runner/_work/JPE-Ganapati-20241434/JPE-Ganapati-20241434/replication-package/Data/TRAINS/raw_data/TRAINS1997.zip,true,true,0.228506189,true
/Users/florianoswald/actions-runner/_work/JPE-Ganapati-20241434/JPE-Ganapati-20241434/replication-package/Data/TRAINS/raw_data/TRAINS1998.zip,true,true,0.209928385,true
/Users/florianoswald/actions-runner/_work/JPE-Ganapati-20241434/JPE-Ganapati-20241434/replication-package/Data/TRAINS/raw_data/TRAINS1999.zip,true,true,0.246241967,true
/Users/florianoswald/actions-runner/_work/JPE-Ganapati-20241434/JPE-Ganapati-20241434/replication-package/Data/TRAINS/raw_data/TRAINS2000.zip,true,true,0.319783028,true
/Users/florianoswald/actions-runner/_work/JPE-Ganapati-20241434/JPE-Ganapati-20241434/replication-package/Data/TRAINS/raw_data/TRAINS2001.zip,true,true,0.36259933,true
/Users/florianoswald/actions-runner/_work/JPE-Ganapati-20241434/JPE-Ganapati-20241434/replication-package/Data/TRAINS/raw_data/TRAINS2002.zip,true,true,0.387549065,true
/Users/florianoswald/actions-runner/_work/JPE-Ganapati-20241434/JPE-Ganapati-20241434/replication-package/Data/TRAINS/raw_data/TRAINS2003.zip,true,true,0.38201423,true
/Users/florianoswald/actions-runner/_work/JPE-Ganapati-20241434/JPE-Ganapati-20241434/replication-package/Data/TRAINS/raw_data/TRAINS2004.zip,true,true,0.400226453,true
/Users/florianoswald/actions-runner/_work/JPE-Ganapati-20241434/JPE-Ganapati-20241434/replication-package/Data/TRAINS/raw_data/TRAINS2005.zip,true,true,0.446305255,true
/Users/florianoswald/actions-runner/_work/JPE-Ganapati-20241434/JPE-Ganapati-20241434/replication-package/Data/TRAINS/raw_data/TRAINS2006.zip,true,true,0.464826742,true
/Users/florianoswald/actions-runner/_work/JPE-Ganapati-20241434/JPE-Ganapati-20241434/replication-package/Data/TRAINS/raw_data/TRAINS2007.zip,true,true,0.48169091,true
/Users/florianoswald/actions-runner/_work/JPE-Ganapati-20241434/JPE-Ganapati-20241434/replication-package/Data/TRAINS/raw_data/TRAINS2008.zip,true,true,0.511149236,true
/Users/florianoswald/actions-runner/_work/JPE-Ganapati-20241434/JPE-Ganapati-20241434/replication-package/Data/TRAINS/raw_data/TRAINS2009.zip,true,true,0.49355376,true
/Users/florianoswald/actions-runner/_work/JPE-Ganapati-20241434/JPE-Ganapati-20241434/replication-package/Data/TRAINS/raw_data/TRAINS2010.zip,true,true,0.483861709,true
/Users/florianoswald/actions-runner/_work/JPE-Ganapati-20241434/JPE-Ganapati-20241434/replication-package/Data/TRAINS/raw_data/TRAINS2011.zip,true,true,0.509770642,true
/Users/florianoswald/actions-runner/_work/JPE-Ganapati-20241434/JPE-Ganapati-20241434/replication-package/Data/TRAINS/raw_data/TRAINS2012.zip,true,true,0.496739103,true
/Users/florianoswald/actions-runner/_work/JPE-Ganapati-20241434/JPE-Ganapati-20241434/replication-package/Data/TRAINS/raw_data/TRAINS2013.zip,true,true,0.515907727,true
/Users/florianoswald/actions-runner/_work/JPE-Ganapati-20241434/JPE-Ganapati-20241434/replication-package/Data/TRAINS/raw_data/TRAINS2014.zip,true,true,0.471921949,true
/Users/florianoswald/actions-runner/_work/JPE-Ganapati-20241434/JPE-Ganapati-20241434/replication-package/Data/TRAINS/raw_data/TRAINS2015.zip,true,true,0.525391626,true
/Users/florianoswald/actions-runner/_work/JPE-Ganapati-20241434/JPE-Ganapati-20241434/replication-package/Data/TRAINS/raw_data/TRAINS2016.zip,true,true,0.529823058,true
/Users/florianoswald/actions-runner/_work/JPE-Ganapati-20241434/JPE-Ganapati-20241434/replication-package/Data/TRAINS/raw_data/TRAINS2017.zip,true,true,0.488418132,true
/Users/florianoswald/actions-runner/_work/JPE-Ganapati-20241434/JPE-Ganapati-20241434/replication-package/Data/TRAINS/raw_data/TRAINS2018.zip,true,true,0.49838935,true
/Users/florianoswald/actions-runner/_work/JPE-Ganapati-20241434/JPE-Ganapati-20241434/replication-package/Data/Teti/tariff2010_beta1-2024-12.zip,true,true,0.57964201,true
/Users/florianoswald/actions-runner/_work/JPE-Ganapati-20241434/JPE-Ganapati-20241434/replication-package/Data/Teti/tariff2012_beta1-2024-12.zip,true,true,0.579587136,true
/Users/florianoswald/actions-runner/_work/JPE-Ganapati-20241434/JPE-Ganapati-20241434/replication-package/Data/Teti/tariff2014_beta1-2024-12.zip,true,true,0.585440401,true
/Users/florianoswald/actions-runner/_work/JPE-Ganapati-20241434/JPE-Ganapati-20241434/replication-package/__MACOSX/Data/CEPII/GeoDist/._dist_cepii.zip,true,true,2.97e-7,true
/Users/florianoswald/actions-runner/_work/JPE-Ganapati-20241434/JPE-Ganapati-20241434/replication-package/__MACOSX/Data/EDD_Data/CYD_manuf/._CYD_manuf_CSV.zip,true,true,2.96e-7,true
/Users/florianoswald/actions-runner/_work/JPE-Ganapati-20241434/JPE-Ganapati-20241434/replication-package/__MACOSX/Data/EDD_Data/CY_manuf/._CY_manuf_CSV.zip,true,true,2.97e-7,true
/Users/florianoswald/actions-runner/_work/JPE-Ganapati-20241434/JPE-Ganapati-20241434/replication-package/__MACOSX/Data/EDD_Data/Dictionary/._TechnicalNote.zip,true,true,3.53e-7,true
/Users/florianoswald/actions-runner/_work/JPE-Ganapati-20241434/JPE-Ganapati-20241434/replication-package/__MACOSX/Data/EORA/Raw_data/._Eora26_2012_bp.zip,true,true,1.78e-7,true
/Users/florianoswald/actions-runner/_work/JPE-Ganapati-20241434/JPE-Ganapati-20241434/replication-package/__MACOSX/Data/OECD/._TEC3_REV4-en.csv.zip,true,true,2.82e-7,true
/Users/florianoswald/actions-runner/_work/JPE-Ganapati-20241434/JPE-Ganapati-20241434/replication-package/__MACOSX/Data/TRAINS/raw_data/._TRAINS1995.zip,true,true,2.71e-7,true
/Users/florianoswald/actions-runner/_work/JPE-Ganapati-20241434/JPE-Ganapati-20241434/replication-package/__MACOSX/Data/TRAINS/raw_data/._TRAINS1996.zip,true,true,2.71e-7,true
/Users/florianoswald/actions-runner/_work/JPE-Ganapati-20241434/JPE-Ganapati-20241434/replication-package/__MACOSX/Data/TRAINS/raw_data/._TRAINS1997.zip,true,true,2.71e-7,true
/Users/florianoswald/actions-runner/_work/JPE-Ganapati-20241434/JPE-Ganapati-20241434/replication-package/__MACOSX/Data/TRAINS/raw_data/._TRAINS1998.zip,true,true,2.71e-7,true
/Users/florianoswald/actions-runner/_work/JPE-Ganapati-20241434/JPE-Ganapati-20241434/replication-package/__MACOSX/Data/TRAINS/raw_data/._TRAINS1999.zip,true,true,2.71e-7,true
/Users/florianoswald/actions-runner/_work/JPE-Ganapati-20241434/JPE-Ganapati-20241434/replication-package/__MACOSX/Data/TRAINS/raw_data/._TRAINS2000.zip,true,true,2.71e-7,true
/Users/florianoswald/actions-runner/_work/JPE-Ganapati-20241434/JPE-Ganapati-20241434/replication-package/__MACOSX/Data/TRAINS/raw_data/._TRAINS2001.zip,true,true,2.71e-7,true
/Users/florianoswald/actions-runner/_work/JPE-Ganapati-20241434/JPE-Ganapati-20241434/replication-package/__MACOSX/Data/TRAINS/raw_data/._TRAINS2002.zip,true,true,2.71e-7,true
/Users/florianoswald/actions-runner/_work/JPE-Ganapati-20241434/JPE-Ganapati-20241434/replication-package/__MACOSX/Data/TRAINS/raw_data/._TRAINS2003.zip,true,true,2.71e-7,true
/Users/florianoswald/actions-runner/_work/JPE-Ganapati-20241434/JPE-Ganapati-20241434/replication-package/__MACOSX/Data/TRAINS/raw_data/._TRAINS2004.zip,true,true,2.71e-7,true
/Users/florianoswald/actions-runner/_work/JPE-Ganapati-20241434/JPE-Ganapati-20241434/replication-package/__MACOSX/Data/TRAINS/raw_data/._TRAINS2005.zip,true,true,2.71e-7,true
/Users/florianoswald/actions-runner/_work/JPE-Ganapati-20241434/JPE-Ganapati-20241434/replication-package/__MACOSX/Data/TRAINS/raw_data/._TRAINS2006.zip,true,true,2.71e-7,true
/Users/florianoswald/actions-runner/_work/JPE-Ganapati-20241434/JPE-Ganapati-20241434/replication-package/__MACOSX/Data/TRAINS/raw_data/._TRAINS2007.zip,true,true,2.71e-7,true
/Users/florianoswald/actions-runner/_work/JPE-Ganapati-20241434/JPE-Ganapati-20241434/replication-package/__MACOSX/Data/TRAINS/raw_data/._TRAINS2008.zip,true,true,2.71e-7,true
/Users/florianoswald/actions-runner/_work/JPE-Ganapati-20241434/JPE-Ganapati-20241434/replication-package/__MACOSX/Data/TRAINS/raw_data/._TRAINS2009.zip,true,true,2.71e-7,true
/Users/florianoswald/actions-runner/_work/JPE-Ganapati-20241434/JPE-Ganapati-20241434/replication-package/__MACOSX/Data/TRAINS/raw_data/._TRAINS2010.zip,true,true,2.71e-7,true
/Users/florianoswald/actions-runner/_work/JPE-Ganapati-20241434/JPE-Ganapati-20241434/replication-package/__MACOSX/Data/TRAINS/raw_data/._TRAINS2011.zip,true,true,2.71e-7,true
/Users/florianoswald/actions-runner/_work/JPE-Ganapati-20241434/JPE-Ganapati-20241434/replication-package/__MACOSX/Data/TRAINS/raw_data/._TRAINS2012.zip,true,true,2.71e-7,true
/Users/florianoswald/actions-runner/_work/JPE-Ganapati-20241434/JPE-Ganapati-20241434/replication-package/__MACOSX/Data/TRAINS/raw_data/._TRAINS2013.zip,true,true,2.71e-7,true
/Users/florianoswald/actions-runner/_work/JPE-Ganapati-20241434/JPE-Ganapati-20241434/replication-package/__MACOSX/Data/TRAINS/raw_data/._TRAINS2014.zip,true,true,2.71e-7,true
/Users/florianoswald/actions-runner/_work/JPE-Ganapati-20241434/JPE-Ganapati-20241434/replication-package/__MACOSX/Data/TRAINS/raw_data/._TRAINS2015.zip,true,true,2.71e-7,true
/Users/florianoswald/actions-runner/_work/JPE-Ganapati-20241434/JPE-Ganapati-20241434/replication-package/__MACOSX/Data/TRAINS/raw_data/._TRAINS2016.zip,true,true,2.71e-7,true
/Users/florianoswald/actions-runner/_work/JPE-Ganapati-20241434/JPE-Ganapati-20241434/replication-package/__MACOSX/Data/TRAINS/raw_data/._TRAINS2017.zip,true,true,2.71e-7,true
/Users/florianoswald/actions-runner/_work/JPE-Ganapati-20241434/JPE-Ganapati-20241434/replication-package/__MACOSX/Data/TRAINS/raw_data/._TRAINS2018.zip,true,true,2.71e-7,true
/Users/florianoswald/actions-runner/_work/JPE-Ganapati-20241434/JPE-Ganapati-20241434/replication-package/__MACOSX/Data/Teti/._tariff2010_beta1-2024-12.zip,true,true,2.34e-7,true
/Users/florianoswald/actions-runner/_work/JPE-Ganapati-20241434/JPE-Ganapati-20241434/replication-package/__MACOSX/Data/Teti/._tariff2012_beta1-2024-12.zip,true,true,2.34e-7,true
/Users/florianoswald/actions-runner/_work/JPE-Ganapati-20241434/JPE-Ganapati-20241434/replication-package/__MACOSX/Data/Teti/._tariff2014_beta1-2024-12.zip,true,true,1.78e-7,true
